precision,recall,f1,false_positive_rate,tp,fp,tn,fn,method
0.9073950699533644,0.6793017456359102,0.7769537934968626,0.017375,1362,139,7861,643,isolation_forest_only
0.44701397712833546,0.8773067331670823,0.5922558922558923,0.272,1759,2176,5824,246,frequency_only(dst_port)
0.4538479980819947,0.9441396508728179,0.6130181347150259,0.28475,1893,2278,5722,112,final(or)
